factor,gold_pos_sessions_ADD,gold_pos_sessions_ANX,gold_pos_sessions_DEP,gold_pos_sessions_NOR
depressive_mood,0,0,364,116
worthlessness,0,0,269,95
guilt,0,0,250,54
impaired_cognition,0,0,245,17
suicidal,0,0,83,7
anhedonia,0,0,219,8
psychomotor_changes,0,0,80,2
weight_appetite,0,0,186,5
sleep_disturbance,0,156,259,18
fatigue,0,226,323,54
anxiety_mood,0,359,0,120
derealization,0,49,0,1
perceived_loss_of_control,0,124,0,4
anxiety_control,0,214,0,19
concentration,0,191,0,9
avoidance,0,113,0,84
physical_symptoms,0,182,0,26
irritability,0,288,0,107
loss_of_control,303,0,97,16
craving,350,0,0,16
lying,10,0,0,1
tolerance,97,0,0,3
withdrawal,66,0,0,4
salience,183,0,0,9
resource_investment,152,0,0,8
daily_functioning,121,0,0,8
social_problems,40,0,0,1
negative_consequences,145,0,0,4
