factor,n_gold_ge1,n_gold_ge2,rho_14b,rho_ci_low_14b,rho_ci_high_14b,p_boot_14b,q_bh_14b,rho_32b,rho_ci_low_32b,rho_ci_high_32b,p_boot_32b,q_bh_32b
depressive_mood,480,243,0.407,0.321,0.476,0.0000,0.0000,0.395,0.307,0.473,0.0000,0.0000
worthlessness,364,151,0.255,0.177,0.333,0.0000,0.0000,0.244,0.167,0.318,0.0000,0.0000
guilt,304,116,0.337,0.261,0.416,0.0000,0.0000,0.321,0.250,0.389,0.0000,0.0000
impaired_cognition,262,121,0.227,0.153,0.305,0.0000,0.0000,0.234,0.157,0.311,0.0000,0.0000
suicidal,90,36,0.397,0.274,0.509,0.0000,0.0000,0.448,0.325,0.547,0.0000,0.0000
anhedonia,227,95,0.285,0.209,0.355,0.0000,0.0000,0.294,0.216,0.368,0.0000,0.0000
psychomotor_changes,82,33,0.114,0.028,0.196,0.0040,0.0043,0.147,0.074,0.218,0.0000,0.0000
weight_appetite,191,84,0.266,0.169,0.375,0.0000,0.0000,0.300,0.210,0.389,0.0000,0.0000
sleep_disturbance,433,189,0.290,0.217,0.359,0.0000,0.0000,0.348,0.276,0.415,0.0000,0.0000
fatigue,603,290,0.311,0.244,0.377,0.0000,0.0000,0.368,0.301,0.430,0.0000,0.0000
anxiety_mood,479,268,0.225,0.147,0.298,0.0000,0.0000,0.279,0.197,0.351,0.0000,0.0000
derealization,50,19,0.009,-0.039,0.062,0.8420,0.8420,0.018,-0.035,0.077,0.5920,0.5920
perceived_loss_of_control,128,60,0.200,0.141,0.256,0.0000,0.0000,0.170,0.111,0.227,0.0000,0.0000
anxiety_control,233,118,0.237,0.167,0.306,0.0000,0.0000,0.203,0.134,0.272,0.0000,0.0000
concentration,200,95,0.203,0.143,0.265,0.0000,0.0000,0.211,0.141,0.273,0.0000,0.0000
avoidance,197,57,0.183,0.113,0.245,0.0000,0.0000,0.154,0.087,0.221,0.0000,0.0000
physical_symptoms,208,105,0.278,0.204,0.343,0.0000,0.0000,0.287,0.202,0.369,0.0000,0.0000
irritability,395,169,0.214,0.145,0.285,0.0000,0.0000,0.193,0.122,0.265,0.0000,0.0000
loss_of_control,416,250,0.350,0.283,0.419,0.0000,0.0000,0.529,0.459,0.589,0.0000,0.0000
craving,366,243,0.612,0.548,0.671,0.0000,0.0000,0.650,0.583,0.707,0.0000,0.0000
lying,11,4,0.243,0.157,0.321,0.0000,0.0000,0.209,0.115,0.290,0.0000,0.0000
tolerance,100,67,0.384,0.292,0.468,0.0000,0.0000,0.448,0.373,0.516,0.0000,0.0000
withdrawal,70,32,0.385,0.297,0.461,0.0000,0.0000,0.342,0.251,0.417,0.0000,0.0000
salience,192,110,0.551,0.491,0.604,0.0000,0.0000,0.536,0.471,0.593,0.0000,0.0000
resource_investment,160,96,0.500,0.436,0.564,0.0000,0.0000,0.492,0.424,0.551,0.0000,0.0000
daily_functioning,129,71,0.189,0.127,0.250,0.0000,0.0000,0.144,0.085,0.201,0.0000,0.0000
social_problems,41,15,0.040,-0.008,0.086,0.0920,0.0954,0.016,-0.037,0.069,0.5800,0.5920
negative_consequences,149,73,0.259,0.201,0.312,0.0000,0.0000,0.355,0.288,0.416,0.0000,0.0000
