factor,n_gold_pos,P_14b,R_14b,F1_14b,P_32b,R_32b,F1_32b
depressive_mood,480,0.456,0.806,0.582,0.460,0.794,0.583
worthlessness,364,0.354,0.635,0.455,0.333,0.706,0.453
guilt,304,0.366,0.658,0.470,0.312,0.803,0.449
impaired_cognition,262,0.296,0.557,0.386,0.260,0.756,0.387
suicidal,90,0.348,0.533,0.421,0.387,0.589,0.467
anhedonia,227,0.214,0.841,0.342,0.229,0.833,0.360
psychomotor_changes,82,0.084,0.622,0.148,0.089,0.720,0.159
weight_appetite,191,0.333,0.393,0.361,0.314,0.508,0.388
sleep_disturbance,433,0.424,0.665,0.518,0.460,0.672,0.546
fatigue,603,0.502,0.826,0.624,0.506,0.856,0.636
anxiety_mood,479,0.351,0.979,0.517,0.342,0.990,0.509
derealization,50,0.040,0.080,0.054,0.045,0.100,0.063
perceived_loss_of_control,128,0.120,0.867,0.211,0.097,0.977,0.176
anxiety_control,233,0.207,0.837,0.332,0.170,0.953,0.289
concentration,200,0.181,0.835,0.297,0.166,0.940,0.282
avoidance,197,0.190,0.761,0.304,0.179,0.685,0.284
physical_symptoms,208,0.278,0.567,0.373,0.335,0.457,0.386
irritability,395,0.333,0.813,0.472,0.339,0.734,0.464
loss_of_control,416,0.498,0.490,0.494,0.531,0.776,0.631
craving,366,0.584,0.787,0.671,0.677,0.762,0.717
lying,11,0.070,0.909,0.130,0.059,0.818,0.110
tolerance,100,0.329,0.570,0.418,0.328,0.750,0.456
withdrawal,70,0.266,0.671,0.381,0.253,0.571,0.351
salience,192,0.440,0.823,0.574,0.420,0.823,0.556
resource_investment,160,0.375,0.794,0.509,0.362,0.800,0.498
daily_functioning,129,0.149,0.690,0.245,0.133,0.760,0.227
social_problems,41,0.035,0.902,0.068,0.032,0.780,0.062
negative_consequences,149,0.153,0.913,0.262,0.195,0.913,0.322
