factor,p0_14b,p1_14b,p2_14b,p3_14b,mean_14b,sd_14b,entropy_14b,n_levels_14b,p0_32b,p1_32b,p2_32b,p3_32b,mean_32b,sd_32b,entropy_32b,n_levels_32b
depressive_mood,0.410,0.335,0.194,0.060,0.905,0.915,1.760,4,0.425,0.378,0.181,0.017,0.789,0.792,1.600,4
worthlessness,0.547,0.286,0.131,0.035,0.655,0.837,1.548,4,0.465,0.388,0.123,0.025,0.708,0.776,1.549,4
guilt,0.620,0.258,0.114,0.008,0.509,0.724,1.343,4,0.456,0.361,0.174,0.008,0.735,0.770,1.544,4
impaired_cognition,0.657,0.303,0.036,0.004,0.388,0.578,1.126,4,0.472,0.469,0.056,0.003,0.591,0.611,1.284,4
suicidal,0.904,0.037,0.039,0.019,0.174,0.581,0.602,4,0.905,0.047,0.040,0.009,0.153,0.513,0.582,4
anhedonia,0.381,0.417,0.163,0.039,0.859,0.824,1.665,4,0.428,0.438,0.128,0.006,0.713,0.706,1.472,4
psychomotor_changes,0.578,0.351,0.065,0.005,0.497,0.640,1.281,4,0.542,0.424,0.033,0.002,0.495,0.572,1.184,4
weight_appetite,0.844,0.110,0.038,0.008,0.210,0.537,0.791,4,0.785,0.159,0.051,0.005,0.275,0.574,0.951,4
sleep_disturbance,0.528,0.299,0.147,0.026,0.671,0.818,1.550,4,0.561,0.292,0.129,0.018,0.604,0.778,1.472,4
fatigue,0.311,0.376,0.262,0.051,1.052,0.879,1.779,4,0.292,0.417,0.258,0.033,1.032,0.826,1.713,4
anxiety_mood,0.072,0.216,0.470,0.242,1.881,0.856,1.758,4,0.039,0.323,0.564,0.074,1.674,0.668,1.454,4
derealization,0.931,0.065,0.003,0.001,0.074,0.282,0.387,4,0.924,0.074,0.001,0.001,0.079,0.283,0.405,4
perceived_loss_of_control,0.358,0.374,0.248,0.021,0.932,0.827,1.676,4,0.101,0.532,0.349,0.018,1.283,0.665,1.454,4
anxiety_control,0.345,0.344,0.230,0.081,1.047,0.948,1.841,4,0.094,0.494,0.389,0.023,1.340,0.678,1.479,4
concentration,0.358,0.412,0.215,0.015,0.887,0.788,1.626,4,0.212,0.624,0.153,0.012,0.965,0.641,1.389,4
avoidance,0.451,0.285,0.226,0.037,0.851,0.897,1.697,4,0.476,0.416,0.103,0.004,0.635,0.681,1.408,4
physical_symptoms,0.706,0.200,0.083,0.011,0.400,0.688,1.190,4,0.803,0.153,0.040,0.003,0.244,0.535,0.884,4
irritability,0.331,0.315,0.291,0.064,1.088,0.932,1.825,4,0.406,0.399,0.179,0.016,0.806,0.782,1.597,4
loss_of_control,0.715,0.135,0.102,0.048,0.483,0.861,1.282,4,0.578,0.224,0.185,0.013,0.634,0.826,1.474,4
craving,0.658,0.131,0.128,0.083,0.636,0.992,1.460,4,0.714,0.124,0.149,0.013,0.460,0.789,1.210,4
lying,0.901,0.079,0.018,0.002,0.122,0.394,0.549,4,0.894,0.086,0.019,0.001,0.127,0.392,0.567,4
tolerance,0.880,0.040,0.062,0.019,0.219,0.638,0.703,4,0.841,0.099,0.060,0.001,0.220,0.543,0.790,4
withdrawal,0.877,0.048,0.057,0.018,0.216,0.626,0.716,4,0.890,0.099,0.011,0.000,0.121,0.358,0.551,3
salience,0.751,0.064,0.095,0.090,0.525,0.991,1.200,4,0.739,0.103,0.131,0.027,0.447,0.820,1.185,4
resource_investment,0.765,0.090,0.110,0.035,0.415,0.820,1.129,4,0.754,0.149,0.091,0.006,0.348,0.665,1.073,4
daily_functioning,0.584,0.294,0.113,0.009,0.547,0.726,1.388,4,0.490,0.456,0.052,0.003,0.568,0.605,1.267,4
social_problems,0.269,0.290,0.351,0.090,1.262,0.954,1.869,4,0.308,0.451,0.225,0.017,0.951,0.773,1.624,4
negative_consequences,0.382,0.288,0.260,0.070,1.018,0.960,1.822,4,0.517,0.303,0.165,0.015,0.679,0.800,1.536,4
