factor,n_pos,mean_pos_14b,miss_rate_14b,fp_rate_14b,auc_14b,cliffs_delta_14b,mean_pos_32b,miss_rate_32b,fp_rate_32b,auc_32b,cliffs_delta_32b
depressive_mood,480,1.385,0.194,0.481,0.715,0.429,1.198,0.206,0.466,0.708,0.416
worthlessness,364,0.978,0.365,0.391,0.635,0.271,0.995,0.294,0.478,0.631,0.263
guilt,304,0.974,0.342,0.305,0.696,0.393,1.204,0.197,0.474,0.701,0.401
impaired_cognition,262,0.656,0.443,0.295,0.636,0.273,0.893,0.244,0.478,0.654,0.307
suicidal,90,1.122,0.467,0.067,0.739,0.478,1.067,0.411,0.062,0.769,0.537
anhedonia,227,1.427,0.159,0.577,0.705,0.409,1.211,0.167,0.523,0.707,0.415
psychomotor_changes,82,0.817,0.378,0.409,0.622,0.244,0.866,0.280,0.443,0.658,0.316
weight_appetite,191,0.571,0.607,0.120,0.639,0.278,0.728,0.492,0.170,0.677,0.354
sleep_disturbance,433,1.012,0.335,0.389,0.656,0.312,1.002,0.328,0.339,0.687,0.374
fatigue,603,1.342,0.174,0.590,0.652,0.303,1.358,0.144,0.601,0.683,0.366
anxiety_mood,479,2.119,0.021,0.902,0.608,0.216,1.902,0.010,0.947,0.630,0.260
derealization,50,0.080,0.920,0.068,0.506,0.011,0.100,0.900,0.076,0.512,0.024
perceived_loss_of_control,128,1.477,0.133,0.620,0.688,0.376,1.656,0.023,0.891,0.653,0.305
anxiety_control,233,1.532,0.163,0.620,0.668,0.337,1.644,0.047,0.896,0.635,0.270
concentration,200,1.280,0.165,0.611,0.652,0.304,1.300,0.060,0.764,0.645,0.289
avoidance,197,1.254,0.239,0.516,0.643,0.286,0.909,0.315,0.498,0.614,0.229
physical_symptoms,208,0.904,0.433,0.248,0.678,0.356,0.639,0.543,0.153,0.659,0.318
irritability,395,1.400,0.187,0.615,0.627,0.254,1.038,0.266,0.542,0.610,0.220
loss_of_control,416,0.969,0.510,0.201,0.665,0.330,1.308,0.224,0.278,0.789,0.578
craving,366,1.689,0.213,0.191,0.834,0.669,1.317,0.238,0.124,0.835,0.669
lying,11,1.364,0.091,0.093,0.918,0.835,1.182,0.182,0.101,0.870,0.739
tolerance,100,1.150,0.430,0.087,0.747,0.495,1.110,0.250,0.115,0.824,0.648
withdrawal,70,1.300,0.329,0.095,0.794,0.589,0.714,0.429,0.086,0.748,0.495
salience,192,1.943,0.177,0.161,0.852,0.704,1.594,0.177,0.175,0.847,0.694
resource_investment,160,1.619,0.206,0.166,0.836,0.673,1.319,0.200,0.177,0.835,0.670
daily_functioning,129,0.961,0.310,0.389,0.665,0.330,0.806,0.240,0.486,0.627,0.254
social_problems,41,1.463,0.098,0.726,0.566,0.132,1.000,0.220,0.690,0.525,0.049
negative_consequences,149,1.765,0.087,0.584,0.730,0.460,1.537,0.087,0.434,0.804,0.608
