class,factor,coef_mean,ci_low,ci_high,q_bh,significant
ADDICTION,depressive_mood,-0.4039,-0.7474,-0.0271,0.2143,0
ADDICTION,worthlessness,+0.0330,-0.1766,+0.2505,0.9389,0
ADDICTION,guilt,-0.5138,-0.7947,-0.2585,0,1
ADDICTION,impaired_cognition,+0.0456,-0.2248,+0.2999,0.9114,0
ADDICTION,suicidal,-0.2632,-0.4801,-0.0672,0.032,1
ADDICTION,anhedonia,+0.3675,+0.1109,+0.6888,0.056,0
ADDICTION,psychomotor_changes,-0.2016,-0.3983,+0.0233,0.2935,0
ADDICTION,weight_appetite,-0.0953,-0.3122,+0.0874,0.5875,0
ADDICTION,sleep_disturbance,+0.2381,+0.0223,+0.4342,0.1707,0
ADDICTION,fatigue,-0.0922,-0.3370,+0.1369,0.7287,0
ADDICTION,anxiety_mood,-0.1122,-0.4174,+0.1505,0.6419,0
ADDICTION,derealization,+0.0620,-0.1278,+0.2610,0.7389,0
ADDICTION,perceived_loss_of_control,+0.0185,-0.3100,+0.3302,0.996,0
ADDICTION,anxiety_control,-0.0934,-0.4518,+0.2262,0.869,0
ADDICTION,concentration,+0.0023,-0.1895,+0.2255,0.996,0
ADDICTION,avoidance,+0.3377,+0.1260,+0.5452,0,1
ADDICTION,physical_symptoms,-0.4467,-0.7508,-0.1891,0.032,1
ADDICTION,irritability,-0.3123,-0.5135,-0.1283,0,1
ADDICTION,loss_of_control,+0.5953,+0.3062,+0.8992,0,1
ADDICTION,craving,+0.8598,+0.5679,+1.2071,0,1
ADDICTION,lying,-0.1745,-0.3753,+0.0156,0.288,0
ADDICTION,tolerance,-0.0457,-0.3375,+0.2853,0.9389,0
ADDICTION,withdrawal,+0.1206,-0.1275,+0.4110,0.6419,0
ADDICTION,salience,+0.0399,-0.3596,+0.4522,0.9663,0
ADDICTION,resource_investment,+0.1828,-0.1159,+0.4520,0.5072,0
ADDICTION,daily_functioning,+0.1774,-0.1246,+0.4527,0.5144,0
ADDICTION,social_problems,-0.0601,-0.3342,+0.1665,0.8693,0
ADDICTION,negative_consequences,+0.0533,-0.3260,+0.4278,0.9389,0
ANXIETY,depressive_mood,-0.3568,-0.7060,-0.0341,0.1707,0
ANXIETY,worthlessness,+0.1892,-0.0382,+0.4256,0.3394,0
ANXIETY,guilt,+0.0643,-0.1393,+0.2646,0.7896,0
ANXIETY,impaired_cognition,-0.0142,-0.2997,+0.2317,0.996,0
ANXIETY,suicidal,+0.2465,+0.1046,+0.3888,0,1
ANXIETY,anhedonia,-0.2950,-0.5666,+0.0014,0.2509,0
ANXIETY,psychomotor_changes,+0.4075,+0.1897,+0.6288,0,1
ANXIETY,weight_appetite,-0.0163,-0.2378,+0.1672,0.9663,0
ANXIETY,sleep_disturbance,+0.1102,-0.0346,+0.2589,0.4378,0
ANXIETY,fatigue,-0.1812,-0.3852,+0.0116,0.288,0
ANXIETY,anxiety_mood,+0.4109,+0.2113,+0.6119,0,1
ANXIETY,derealization,-0.0594,-0.2052,+0.0918,0.7058,0
ANXIETY,perceived_loss_of_control,+0.1553,-0.1219,+0.4212,0.5639,0
ANXIETY,anxiety_control,+0.0648,-0.2411,+0.3880,0.9114,0
ANXIETY,concentration,+0.0842,-0.1081,+0.2617,0.6456,0
ANXIETY,avoidance,-0.1314,-0.3187,+0.0421,0.4261,0
ANXIETY,physical_symptoms,+0.2888,+0.1256,+0.4746,0,1
ANXIETY,irritability,+0.1625,-0.0145,+0.3301,0.3394,0
ANXIETY,loss_of_control,-0.0192,-0.2920,+0.2534,0.9663,0
ANXIETY,craving,-0.7248,-1.0979,-0.3629,0,1
ANXIETY,lying,+0.1122,-0.0999,+0.3408,0.5875,0
ANXIETY,tolerance,+0.1878,-0.2457,+0.5986,0.6419,0
ANXIETY,withdrawal,-0.0916,-0.4197,+0.2515,0.7826,0
ANXIETY,salience,+0.2479,-0.1753,+0.6353,0.5072,0
ANXIETY,resource_investment,-0.2378,-0.5479,+0.0531,0.3906,0
ANXIETY,daily_functioning,+0.0007,-0.2378,+0.2612,0.996,0
ANXIETY,social_problems,-0.2714,-0.5431,-0.0016,0.2427,0
ANXIETY,negative_consequences,-0.1156,-0.3874,+0.1445,0.6493,0
DEPRESSION,depressive_mood,+0.7253,+0.4317,+1.0008,0,1
DEPRESSION,worthlessness,+0.0382,-0.1550,+0.2308,0.9114,0
DEPRESSION,guilt,+0.1246,-0.0702,+0.3417,0.5018,0
DEPRESSION,impaired_cognition,-0.1523,-0.3674,+0.0782,0.448,0
DEPRESSION,suicidal,+0.0017,-0.1490,+0.1826,0.996,0
DEPRESSION,anhedonia,+0.1546,-0.0650,+0.3781,0.4144,0
DEPRESSION,psychomotor_changes,+0.0002,-0.1978,+0.2104,0.996,0
DEPRESSION,weight_appetite,+0.1699,+0.0405,+0.3149,0.1179,0
DEPRESSION,sleep_disturbance,-0.0629,-0.2089,+0.0838,0.6878,0
DEPRESSION,fatigue,+0.2426,+0.0579,+0.4418,0.1054,0
DEPRESSION,anxiety_mood,-0.1191,-0.3204,+0.1037,0.5376,0
DEPRESSION,derealization,+0.0938,-0.0415,+0.2515,0.4378,0
DEPRESSION,perceived_loss_of_control,-0.1501,-0.3980,+0.1102,0.5072,0
DEPRESSION,anxiety_control,-0.1176,-0.3670,+0.0871,0.5771,0
DEPRESSION,concentration,-0.1900,-0.3932,+0.0085,0.2585,0
DEPRESSION,avoidance,-0.1305,-0.3128,+0.0473,0.4267,0
DEPRESSION,physical_symptoms,+0.1144,-0.0610,+0.2956,0.5018,0
DEPRESSION,irritability,+0.1125,-0.0696,+0.2682,0.5018,0
DEPRESSION,loss_of_control,-0.3084,-0.5717,-0.0621,0.2036,0
DEPRESSION,craving,-0.0184,-0.3516,+0.3047,0.996,0
DEPRESSION,lying,+0.1074,-0.0872,+0.2797,0.5018,0
DEPRESSION,tolerance,-0.3332,-0.7712,+0.0408,0.3394,0
DEPRESSION,withdrawal,-0.0168,-0.4774,+0.3676,0.996,0
DEPRESSION,salience,-0.2798,-0.7015,+0.0458,0.3511,0
DEPRESSION,resource_investment,+0.0817,-0.2031,+0.3548,0.7639,0
DEPRESSION,daily_functioning,-0.0217,-0.2248,+0.1674,0.9607,0
DEPRESSION,social_problems,+0.1057,-0.1441,+0.3316,0.6419,0
DEPRESSION,negative_consequences,+0.0224,-0.2455,+0.2922,0.9663,0
NORMAL,depressive_mood,+0.0354,-0.2828,+0.3167,0.9389,0
NORMAL,worthlessness,-0.2604,-0.4517,-0.0819,0.056,0
NORMAL,guilt,+0.3249,+0.0641,+0.5798,0.1179,0
NORMAL,impaired_cognition,+0.1209,-0.1454,+0.3856,0.64,0
NORMAL,suicidal,+0.0150,-0.2602,+0.2297,0.9607,0
NORMAL,anhedonia,-0.2270,-0.5296,+0.0540,0.3426,0
NORMAL,psychomotor_changes,-0.2061,-0.4575,+0.0464,0.3655,0
NORMAL,weight_appetite,-0.0583,-0.2208,+0.1147,0.7031,0
NORMAL,sleep_disturbance,-0.2854,-0.4952,-0.0999,0,1
NORMAL,fatigue,+0.0308,-0.1947,+0.2455,0.9212,0
NORMAL,anxiety_mood,-0.1796,-0.3843,+0.0271,0.3456,0
NORMAL,derealization,-0.0964,-0.3791,+0.0933,0.6878,0
NORMAL,perceived_loss_of_control,-0.0237,-0.2833,+0.2554,0.9663,0
NORMAL,anxiety_control,+0.1462,-0.0952,+0.3998,0.544,0
NORMAL,concentration,+0.1034,-0.0826,+0.3057,0.558,0
NORMAL,avoidance,-0.0757,-0.2934,+0.1318,0.7204,0
NORMAL,physical_symptoms,+0.0435,-0.1595,+0.2443,0.8462,0
NORMAL,irritability,+0.0373,-0.1493,+0.2090,0.869,0
NORMAL,loss_of_control,-0.2677,-0.7301,+0.1077,0.5018,0
NORMAL,craving,-0.1166,-0.5082,+0.2425,0.7389,0
NORMAL,lying,-0.0451,-0.2889,+0.1283,0.9212,0
NORMAL,tolerance,+0.1912,-0.2310,+0.5651,0.64,0
NORMAL,withdrawal,-0.0123,-0.3804,+0.3309,0.996,0
NORMAL,salience,-0.0079,-0.4481,+0.4165,0.996,0
NORMAL,resource_investment,-0.0267,-0.3354,+0.2531,0.9607,0
NORMAL,daily_functioning,-0.1564,-0.3386,+0.0286,0.3511,0
NORMAL,social_problems,+0.2258,-0.0417,+0.5074,0.3394,0
NORMAL,negative_consequences,+0.0398,-0.2676,+0.3399,0.9389,0
