factor,n_gold_ge1,n_gold_ge2,rho_14b,rho_32b,qwk_14b,qwk_32b,recall_14b,recall_32b,verified
craving,366,243,0.612,0.650,0.622,0.639,0.704,0.588,Y
salience,192,110,0.551,0.536,0.484,0.522,0.764,0.709,Y
resource_investment,160,96,0.500,0.492,0.496,0.530,0.771,0.615,Y
depressive_mood,480,243,0.407,0.395,0.405,0.398,0.630,0.510,Y
suicidal,90,36,0.397,0.448,0.428,0.470,0.556,0.556,Y
withdrawal,70,32,0.385,0.342,0.322,0.372,0.594,0.219,Y
tolerance,100,67,0.384,0.448,0.334,0.414,0.463,0.358,Y
loss_of_control,416,250,0.350,0.529,0.407,0.532,0.452,0.596,Y
guilt,304,116,0.337,0.321,0.355,0.299,0.483,0.586,Y
fatigue,603,290,0.311,0.368,0.324,0.365,0.541,0.572,Y
sleep_disturbance,433,189,0.290,0.348,0.315,0.376,0.434,0.429,Y
anhedonia,227,95,0.285,0.294,0.234,0.267,0.632,0.505,Y
physical_symptoms,208,105,0.278,0.287,0.316,0.341,0.390,0.286,Y
weight_appetite,191,84,0.266,0.300,0.321,0.356,0.274,0.310,Y
negative_consequences,149,73,0.259,0.355,0.143,0.258,0.753,0.726,Y
worthlessness,364,151,0.255,0.244,0.291,0.276,0.477,0.430,Y
anxiety_control,233,118,0.237,0.203,0.173,0.109,0.712,0.763,Y
impaired_cognition,262,121,0.227,0.234,0.247,0.218,0.165,0.190,Y
anxiety_mood,479,268,0.225,0.279,0.125,0.156,0.922,0.903,Y
irritability,395,169,0.214,0.193,0.161,0.185,0.544,0.331,Y
concentration,200,95,0.203,0.211,0.166,0.158,0.547,0.484,Y
perceived_loss_of_control,128,60,0.200,0.170,0.114,0.062,0.650,0.683,Y
daily_functioning,129,71,0.189,0.144,0.156,0.107,0.352,0.070,Y
avoidance,197,57,0.183,0.154,0.109,0.135,0.509,0.351,Y
psychomotor_changes,82,33,0.114,0.147,0.095,0.119,0.303,0.273,Y
lying,11,4,0.243,0.209,0.167,0.130,0.500,0.500,N
social_problems,41,15,0.040,0.016,0.008,0.005,0.600,0.200,N
derealization,50,19,0.009,0.018,0.021,0.034,0.000,0.000,N
MEAN(verified),,,0.306,0.324,0.286,0.307,0.545,0.482,25 factors
